location,area,bedrooms,bathrooms,parking,price
Pokhara,1710,3,2,2,20850000
Lahan,1262,3,2,2,18150000
Pokhara,1786,3,2,2,22350000
Itahari,1717,3,1,3,14000000
Banepa,2198,4,2,3,25000000
Birgunj,1362,1,1,2,14300000
Butwal,1694,3,2,2,30700000
Janakpur,2090,3,2,2,20000000
Lalitpur,1774,2,2,2,12990000
Nepalgunj,1077,2,1,1,11800000
Dharan,1040,3,1,1,12950000
Chitwan,2324,4,3,3,34500000
Dharan,912,2,1,1,14400000
Pokhara,1494,3,2,3,27950000
Kathmandu,1253,2,1,1,15700000
Nepalgunj,854,2,1,2,13200000
Kathmandu,1004,2,1,2,14900000
Dharan,1296,2,2,2,9000000
Hetauda,1114,3,1,2,15900000
Kathmandu,1339,3,1,1,13900000
Chitwan,2376,4,3,3,32530000
Damak,1108,3,1,1,13940000
Pokhara,1795,3,2,2,23000000
Dhangadhi,1060,3,1,2,12990000
Dharan,1060,3,1,1,15400000
Chitwan,1600,3,2,3,25630000
Kathmandu,900,3,1,2,13480000
Chitwan,1704,3,2,3,30600000
Kathmandu,1600,2,1,1,20750000
Nepalgunj,520,1,1,1,6850000
Damak,1317,3,1,1,4000000
Dharan,1228,3,1,1,14935000
Pokhara,1234,3,2,2,17990000
Kathmandu,1700,4,1,2,16550000
Chitwan,1561,2,2,2,27750000
Chitwan,2452,4,3,3,30900000
Pokhara,1097,3,1,2,14500000
Kathmandu,1297,3,1,2,15300000
Kathmandu,1057,3,1,1,10900000
Bhaktapur,1152,2,2,0,8200000
Kathmandu,1324,3,2,2,16000000
Birtamod,1328,2,1,1,17000000
Hetauda,884,2,1,2,14400000
Pokhara,938,3,1,1,13025000
Kathmandu,1150,3,1,1,14100000
Chitwan,1752,2,2,2,31990000
Birgunj,2149,1,1,2,23968600
Butwal,1656,3,2,3,24970000
Lalitpur,1452,2,2,0,11300000
Dharan,955,3,1,1,12700000
Biratnagar,1470,3,2,2,17700000
Nepalgunj,1176,3,1,2,11450000
Damak,816,2,1,2,11000000
Lahan,1842,0,0,3,38500000
Kathmandu,1360,3,1,2,13000000
Kathmandu,1425,3,2,2,18050000
Butwal,1739,3,2,2,17250000
Pokhara,1720,3,2,2,19650000
Kirtipur,2945,3,3,3,43878000
Pokhara,780,2,1,1,12490000
Hetauda,1158,3,1,2,15800000
Damak,1111,3,1,1,10100000
Chitwan,1370,2,2,2,20250000
Lalitpur,1710,3,2,2,14000000
Pokhara,2034,3,2,2,21950000
Chitwan,2473,4,2,3,31700000
Kathmandu,2207,3,2,2,18000000
Pokhara,1479,3,2,2,22600000
Lalitpur,747,2,1,1,8000000
Tulsipur,2287,3,2,2,22500000
Kathmandu,2223,3,2,2,24400000
Birgunj,845,2,1,2,12950000
Biratnagar,1718,3,2,2,18500000
Kathmandu,1086,3,1,2,14490000
Lalitpur,1605,3,2,1,10740000
Dhangadhi,988,2,1,1,9100000
Kathmandu,952,2,1,1,13575000
Nepalgunj,1285,2,1,1,12700000
Dharan,1768,4,2,0,13650000
Lalitpur,1230,2,1,2,11000000
Kathmandu,2142,4,2,1,19350000
Birgunj,1337,2,2,2,15350000
Butwal,1563,3,2,3,24500000
Kathmandu,1065,3,1,2,12650000
Biratnagar,1474,3,2,2,16850000
Banepa,2417,4,2,2,26000000
Biratnagar,1560,3,2,2,17400000
Butwal,1224,2,2,2,16450000
Damak,1526,2,1,0,8500000
Pokhara,990,3,1,0,12360000
Kathmandu,1040,2,1,2,10990000
Kathmandu,1235,2,1,2,9860000
Itahari,964,2,1,2,16350000
Lalitpur,2291,4,2,2,13390000
Pokhara,1786,3,2,2,20475000
Biratnagar,1470,3,2,2,18500000
Pokhara,1588,3,2,2,21400000
Bhaktapur,960,3,1,1,9475000
Bhaktapur,835,2,1,1,8300000
Kathmandu,1225,3,1,0,12895000
Janakpur,1610,3,2,2,20500000
Hetauda,1732,3,2,2,17800000
Hetauda,1535,4,2,2,11896400
Pokhara,1226,3,2,3,19890000
Damak,1818,4,1,1,16950000
Butwal,1992,3,2,2,25000000
Lalitpur,1047,2,1,1,10000000
Lalitpur,789,2,1,1,11500000
Damak,1517,3,2,0,11500000
Janakpur,1844,3,2,2,19000000
Bhaktapur,1855,4,2,1,13690000
Biratnagar,1430,3,2,2,18000000
Pokhara,2696,4,2,3,38397000
Itahari,2259,3,2,2,21700000
Itahari,2320,3,2,1,25950000
Butwal,1458,2,2,2,17600000
Dharan,1092,3,1,1,13900000
Bhaktapur,1125,2,1,2,15500000
Hetauda,3222,5,3,3,32000000
Pokhara,1456,3,2,2,16399000
Tulsipur,988,1,1,2,18000000
Damak,1123,3,1,1,10000000
Kathmandu,1080,3,1,1,13600000
Hetauda,1199,2,2,2,15390000
Janakpur,1586,3,2,2,18100000
Damak,754,2,1,0,8450000
Tikapur,958,2,2,2,12800000
Lalitpur,840,3,1,0,8700000
Kathmandu,1348,3,1,2,15500000
Kathmandu,1053,3,1,2,15000000
Kathmandu,2157,4,2,2,22600000
Biratnagar,2054,3,2,2,24400000
Kathmandu,1327,3,1,2,15075000
Birtamod,1296,2,2,2,22000000
Dharan,1721,3,2,2,18000000
Janakpur,1682,3,2,2,17400000
Kathmandu,1214,3,2,1,14300000
Birgunj,1959,5,3,3,17100000
Pokhara,1852,3,2,3,23000000
Pokhara,1764,3,2,2,23150000
Kathmandu,864,3,1,0,11500000
Pokhara,1734,3,2,2,26000000
Kathmandu,1385,4,2,2,16600000
Pokhara,1501,3,2,2,20400000
Dharan,1728,6,2,2,12500000
Bhaktapur,1709,3,2,2,13000000
Nepalgunj,875,2,1,1,10500000
Biratnagar,2035,3,2,2,22250000
Hetauda,1080,3,1,0,14100000
Nepalgunj,1344,3,1,1,11500000
Pokhara,969,3,1,2,12200000
Chitwan,1710,2,2,3,37240200
Janakpur,1993,4,2,2,19000000
Tulsipur,1252,1,1,2,23500000
Lalitpur,1200,4,1,1,12500000
Bhaktapur,1096,2,1,0,7900000
Kathmandu,1040,2,1,2,10950000
Birtamod,1968,4,2,3,26950000
Butwal,1947,3,2,2,25490000
Biratnagar,2462,4,2,2,32000000
Lahan,1232,3,2,2,16250000
Chitwan,2668,3,2,3,41250000
Chitwan,1541,3,2,2,22000000
Lalitpur,882,1,1,0,10320000
Lalitpur,1616,3,2,1,15200000
Bhaktapur,1355,4,2,0,12750000
Tulsipur,1867,2,1,1,19000000
Chitwan,2161,3,1,3,32562400
Biratnagar,1720,3,2,2,18350000
Birtamod,1707,2,2,2,22800000
Lalitpur,1382,2,1,2,12850000
Kathmandu,1656,3,1,2,21500000
Kirtipur,1767,2,2,2,23900000
Kathmandu,1362,3,1,2,16300000
Birtamod,1651,3,2,2,18400000
Bhaktapur,2158,4,2,2,24300000
Tulsipur,2060,4,2,2,21100000
Dharan,1920,4,2,2,17250000
Kirtipur,2234,1,2,3,50183700
Lalitpur,968,2,1,2,10000000
Butwal,1525,3,2,2,17700000
Itahari,1802,4,1,1,20010000
Bhaktapur,1340,3,1,1,12000000
Lalitpur,2082,3,2,2,20000000
Nepalgunj,1252,3,1,2,12700000
Lalitpur,3608,4,2,3,47500000
Birgunj,1217,3,2,2,17300000
Lalitpur,1656,3,2,1,13500000
Hetauda,1224,2,0,2,15333700
Kirtipur,1593,0,1,2,28600000
Itahari,2727,3,2,2,31500000
Kathmandu,1479,4,1,2,18400000
Pokhara,1431,3,2,2,19200000
Bhaktapur,1709,3,2,2,13000000
Pokhara,864,3,1,1,12700000
Tikapur,1456,3,2,2,14850000
Butwal,1726,3,2,3,31187200
Kathmandu,3112,4,2,2,23500000
Lalitpur,2229,5,1,0,10400000
Chitwan,1713,3,2,3,27490000
Bhaktapur,1121,2,2,2,14000000
Birgunj,1279,3,2,2,17150000
Lalitpur,1310,2,2,1,11200000
Pokhara,848,1,1,2,14900000
Lalitpur,1284,2,1,1,11000000
Biratnagar,1442,3,2,2,18050000
Dharan,1696,3,1,1,14390000
Kathmandu,1100,3,1,1,14100000
Hetauda,2062,3,2,2,27700000
Kathmandu,1092,3,1,2,14500000
Bhaktapur,864,2,1,0,9800000
Bhaktapur,1212,3,2,2,18600000
Butwal,1852,3,2,2,25267800
Pokhara,990,3,1,2,15600000
Pokhara,1392,3,1,1,16175000
Kathmandu,1236,2,1,1,13445000
Pokhara,1436,3,2,2,21000000
Lalitpur,1328,3,1,1,10700000
Itahari,1954,3,1,2,31150000
Ghorahi,1248,2,2,2,16724000
Pokhara,1498,2,2,2,20490000
Biratnagar,2267,4,2,2,20000000
Janakpur,1552,3,2,2,17990000
Kathmandu,864,2,1,2,9700000
Chitwan,2392,3,2,3,38625000
Kalaiya,1302,3,2,1,11200000
Banepa,2520,4,2,3,29000000
Kalaiya,987,2,1,1,10600000
Dharan,912,3,1,1,12500000
Ghorahi,1555,2,2,2,19250000
Kathmandu,1194,3,1,1,14800000
Banepa,2794,4,2,3,40300000
Kalaiya,987,2,1,1,9450000
Pokhara,894,3,1,1,12820000
Biratnagar,1960,4,2,2,21650000
Kalaiya,987,2,1,1,8950000
Pokhara,1414,3,2,2,18550000
Hetauda,1744,3,2,2,19450000
Chitwan,1694,3,2,3,31800000
Bhaktapur,1487,3,1,1,11300000
Butwal,1566,3,2,2,26250000
Lalitpur,866,2,1,0,11050000
Lalitpur,1440,3,1,1,7900000
Hetauda,1217,3,1,1,12000000
Hetauda,2110,3,2,2,20500000
Janakpur,1872,3,2,2,24150000
Lalitpur,1928,4,2,1,13700000
Kathmandu,1375,2,1,2,14000000
Pokhara,1668,3,2,2,18000000
Tulsipur,2144,4,2,2,27700000
Nepalgunj,1306,3,1,0,7650000
Itahari,1625,2,2,2,23500000
Hetauda,1640,3,2,2,17300000
Kathmandu,1302,3,2,1,15800000
Kathmandu,1314,3,1,1,14500000
Biratnagar,2291,4,2,2,23000000
Butwal,1728,3,2,2,20750000
Pokhara,1604,3,2,2,22000000
Pokhara,1792,3,2,2,23150000
Lalitpur,882,2,1,1,9700000
Kathmandu,1382,3,1,2,17600000
Pokhara,2574,3,2,3,27600000
Dharan,1212,3,1,2,15100000
Lalitpur,1316,3,1,2,13000000
Lalitpur,764,2,1,2,7300000
Janakpur,1422,3,2,2,17550000
Biratnagar,1511,3,2,2,18500000
Bhairahawa,2192,4,2,1,17950000
Damak,778,2,1,1,12050000
Bhaktapur,1113,3,1,1,14800000
Butwal,1939,3,2,3,26600000
Tulsipur,1363,2,1,2,24150000
Banepa,2270,4,2,3,29000000
Kathmandu,1632,3,2,1,13900000
Birgunj,816,2,1,1,12450000
Nepalgunj,1548,3,2,2,20500000
Birgunj,1560,3,2,2,20100000
Biratnagar,864,2,1,2,14100000
Chitwan,2121,3,2,3,41529800
Tulsipur,2022,4,2,2,19200000
Hetauda,1982,3,2,2,22850000
Butwal,1262,2,2,2,18500000
Chitwan,1314,2,2,2,20750000
Butwal,1468,3,2,3,24460000
Hetauda,1575,2,2,2,17920000
Butwal,1250,2,2,2,16470000
Kathmandu,1734,3,1,2,15900000
Kathmandu,858,3,1,0,8800000
Dharan,900,3,1,1,12200000
Nepalgunj,1396,3,1,1,15357500
Pokhara,1919,3,2,2,23323000
Bhairahawa,1716,6,2,0,13590000
Bhaktapur,1716,3,1,1,13100000
Janakpur,2263,3,2,2,23500000
Kathmandu,1644,3,1,2,16700000
Birgunj,1003,3,1,2,14250000
Damak,1558,4,1,1,15200000
Butwal,1950,3,2,2,23900000
Janakpur,1743,3,1,2,17500000
Itahari,1152,3,1,1,15850000
Itahari,1336,2,1,1,15700000
Pokhara,2452,4,2,2,26700000
Pokhara,1541,3,2,3,20500000
Pokhara,894,3,1,2,14990000
Lalitpur,3493,3,3,3,29500000
Pokhara,2000,3,2,3,30590000
Hetauda,2243,4,2,3,22500000
Damak,1406,3,1,0,8950000
Bhaktapur,861,1,1,2,8250000
Chitwan,1944,3,2,3,36000000
Biratnagar,1501,3,2,2,16560000
Kathmandu,972,2,1,1,13200000
Lalitpur,1118,3,1,2,11990000
Birtamod,2036,3,2,2,37500000
Lalitpur,1641,3,1,2,17800000
Biratnagar,1432,3,2,2,18850000
Janakpur,2353,4,2,2,26000000
Butwal,1959,3,2,3,27000000
Banepa,2646,4,2,3,26000000
Janakpur,1472,3,2,2,18750000
Chitwan,2596,4,3,3,34264300
Chitwan,2468,4,2,3,35400000
Hetauda,2730,4,2,2,30100000
Lalitpur,1163,3,1,1,12617500
Kathmandu,2978,5,2,2,24200000
Damak,803,2,1,2,8700000
Lahan,1719,1,1,2,32400000
Kathmandu,1383,3,1,1,14525000
Nepalgunj,2134,5,2,2,21450000
Damak,1192,3,1,1,7800000
Kathmandu,1728,6,2,1,11900000
Kathmandu,1056,3,1,1,13900000
Chitwan,1629,3,2,3,28400000
Chitwan,1358,2,2,2,20700000
Biratnagar,1638,3,2,2,19200000
Birtamod,1786,3,2,2,22895000
Kirtipur,1922,3,2,3,37742600
Pokhara,1536,3,2,2,21400000
Janakpur,1621,3,2,2,20250000
Kathmandu,1215,3,1,1,15500000
Birtamod,1908,4,2,2,20290000
Hetauda,841,2,1,1,8200000
Kathmandu,1040,2,2,2,8750000
Chitwan,1684,2,2,2,26600000
Dhangadhi,1112,3,1,1,8500000
Nepalgunj,1577,3,1,1,14020000
Kathmandu,958,2,1,1,15150000
Kathmandu,1478,3,2,2,15750000
Chitwan,1626,2,2,2,15400000
Chitwan,2728,4,2,3,43715400
Chitwan,1869,2,2,2,31806100
Tulsipur,1453,2,1,2,19000000
Bhaktapur,1111,3,1,1,9500000
Lalitpur,720,2,1,2,10590000
Bhairahawa,1595,2,1,1,14000000
Pokhara,1200,3,2,2,17750000
Biratnagar,1167,3,2,2,17300000
Dhangadhi,1142,3,1,2,13400000
Tulsipur,1352,3,1,1,13000000
Banepa,1924,3,2,2,28000000
Birgunj,912,2,1,2,15600000
Nepalgunj,1505,3,1,1,14500000
Bhaktapur,1922,4,3,2,19850000
Kalaiya,987,2,1,1,11800000
Janakpur,1574,3,2,2,19000000
Damak,1344,3,1,1,14700000
Kathmandu,1394,3,1,2,15900000
Kathmandu,1431,3,1,1,16500000
Kathmandu,1268,2,1,1,13200000
Kathmandu,1287,3,1,2,16200000
Biratnagar,1664,3,2,2,17240000
Tulsipur,1588,4,2,2,13443200
Hetauda,752,2,1,1,12500000
Kathmandu,1319,3,1,1,12300000
Pokhara,1928,4,2,2,21950000
Bhaktapur,904,1,0,0,6100000
Pokhara,914,2,1,2,14800000
Butwal,2466,4,3,2,34000000
Kirtipur,1856,1,1,3,39443200
Biratnagar,1800,3,2,2,17900000
Bhairahawa,1691,3,2,1,12700000
Butwal,1301,2,2,2,18775000
Pokhara,1797,3,2,2,21350000
Hetauda,784,2,1,2,7600000
Tulsipur,1953,3,2,2,24000000
Ghorahi,1269,2,2,2,19200000
Bhaktapur,1184,5,1,0,8100000
Bhaktapur,1125,3,1,1,12500000
Pokhara,1479,3,2,2,19100000
Chitwan,2332,3,2,3,42600000
Bhaktapur,1367,4,1,1,11900000
Birgunj,1961,3,2,2,21500000
Kathmandu,882,3,1,1,10650000
Nepalgunj,788,2,1,0,10000000
Lalitpur,1034,2,1,1,10900000
Bhaktapur,1144,3,1,1,12900000
Pokhara,894,2,1,2,12300000
Kathmandu,1812,4,2,1,16950000
Damak,1077,2,1,1,6700000
Butwal,1550,2,2,2,24100000
Lahan,1288,1,1,2,24550000
Pokhara,1310,3,2,2,16499000
Dharan,672,2,1,1,10800000
Banepa,2263,4,2,2,25800000
Biratnagar,1572,3,2,2,16800000
Dharan,1620,3,2,2,15000000
Bhairahawa,1639,3,1,1,11500000
Itahari,1680,4,2,1,17700000
Chitwan,2172,3,2,3,28000000
Butwal,2078,3,2,3,33975000
Bhaktapur,1276,3,1,1,6000000
Biratnagar,1056,3,1,2,14500000
Butwal,1478,2,2,2,22200000
Lalitpur,1028,2,1,2,11500000
Hetauda,2097,3,2,3,22800000
Biratnagar,1340,3,2,2,18113400
Dharan,1400,3,1,2,14950000
Itahari,2624,4,2,3,23900000
Bhaktapur,1134,3,1,1,12600000
Kathmandu,1056,3,1,1,14200000
Birgunj,1344,2,2,4,20630000
Janakpur,1602,3,2,2,21500000
Birgunj,988,2,1,2,11300000
Banepa,2630,4,2,3,31500000
Kathmandu,1196,2,1,1,13900000
Lalitpur,1389,3,1,1,13500000
Hetauda,1644,2,2,2,27500000
Kathmandu,907,3,1,1,10900800
Pokhara,1208,2,2,2,19540000
Birtamod,1412,3,2,2,17500000
Kalaiya,987,2,1,1,8540000
Lalitpur,1198,4,1,0,7990000
Kalaiya,1365,2,1,2,12250000
Biratnagar,1604,3,2,2,18100000
Dhangadhi,630,1,1,0,8100000
Pokhara,1661,3,2,2,21200000
Lalitpur,1118,2,1,2,11600000
Nepalgunj,904,2,1,1,11900000
Itahari,694,2,1,1,9035000
Bhaktapur,1196,3,1,2,11000000
Chitwan,2402,2,2,3,55500000
Bhaktapur,1440,4,2,0,11800000
Nepalgunj,1573,3,2,2,16290000
Ghorahi,1258,2,2,3,17250000
Pokhara,1908,4,2,2,21000000
Bhaktapur,1689,3,1,2,12750000
Kathmandu,1888,2,2,2,19000000
Biratnagar,1886,4,2,2,19990000
Damak,1376,3,2,1,11950000
Lalitpur,1183,2,1,1,12000000
Lalitpur,813,2,1,1,11000000
Tulsipur,1533,2,2,2,28000000
Birtamod,1756,3,2,2,20400000
Butwal,1590,3,2,2,21000000
Birgunj,1728,4,2,2,18800000
Janakpur,1242,3,1,2,17550000
Lalitpur,1344,4,1,3,9800000
Tulsipur,1663,2,1,2,25600000
Lalitpur,1666,3,1,1,16100000
Nepalgunj,1203,3,1,1,11000000
Butwal,1935,3,2,2,26343500
Bhairahawa,1135,3,1,2,15500000
Dharan,864,3,1,1,6238300
Itahari,1660,3,1,1,18870000
Pokhara,1040,3,2,0,12400000
Ghorahi,1414,2,2,2,17874000
Kathmandu,1277,2,1,2,16700000
Kathmandu,1644,3,1,1,14650000
Chitwan,1634,3,2,3,25000000
Hetauda,1710,3,2,2,18700000
Kirtipur,1502,1,1,2,21200000
Janakpur,1969,3,2,2,19000000
Bhaktapur,1072,2,1,2,14800000
Chitwan,1976,2,2,3,44000000
Kirtipur,1652,2,2,2,25100000
Dharan,970,2,1,2,13250000
Pokhara,1493,3,2,2,20890000
Chitwan,2643,3,2,3,38000000
Pokhara,1718,3,2,3,29700000
Lalitpur,1131,2,1,2,8947100
Chitwan,1850,3,2,3,32600000
Chitwan,1792,2,2,3,37400000
Lalitpur,1826,4,1,1,15500000
Birgunj,1216,2,2,2,16400000
Dharan,999,3,1,1,13250000
Kathmandu,1113,3,1,1,14700000
Kathmandu,1073,3,1,2,15600000
Janakpur,1484,3,2,2,17500000
Lalitpur,2414,3,2,2,16000000
Dhangadhi,630,1,1,1,8600000
Dhangadhi,1304,3,1,1,11500000
Kathmandu,1578,3,1,1,13300000
Biratnagar,1456,3,2,2,17278500
Kathmandu,1269,3,1,1,15500000
Lalitpur,886,2,1,1,9130000
Damak,720,2,1,0,3490000
Banepa,3228,4,3,2,43000000
Nepalgunj,1820,4,2,1,18400000
Dharan,899,3,1,1,13000000
Kathmandu,912,2,1,1,12000000
Kalaiya,1218,3,1,1,11300000
Butwal,1768,3,2,2,22670000
Bhaktapur,1214,2,1,2,14000000
Itahari,1801,1,2,2,28900000
Tikapur,1322,3,2,2,14700000
Lalitpur,1960,4,2,2,12450000
Hetauda,1911,3,2,2,21500000
Butwal,1218,2,2,2,20830000
Lalitpur,1378,3,2,2,16100000
Kathmandu,1041,3,1,1,12450000
Kathmandu,1363,2,1,1,16490000
Chitwan,1368,2,2,2,20266500
Kathmandu,864,3,1,2,12990000
Birgunj,1080,3,1,2,13400000
Itahari,789,2,1,1,9650000
Chitwan,2020,3,2,3,40286100
Janakpur,2119,3,2,2,15800000
Banepa,2344,3,2,3,26500000
Pokhara,1796,3,2,2,21100000
Itahari,2080,3,1,1,23400000
Lalitpur,1294,3,2,0,10625000
Kathmandu,1244,3,1,1,15000000
Nepalgunj,1664,3,2,2,15900000
Bhaktapur,4676,3,3,3,18475000
Banepa,2398,3,2,3,31575000
Butwal,1266,3,2,2,17600000
Kathmandu,928,2,1,1,13200000
Chitwan,2713,3,2,3,44626100
Bhaktapur,605,2,1,0,8600000
Itahari,2515,4,3,2,20062400
Birtamod,1509,3,2,2,17500000
Nepalgunj,1362,3,2,2,12800000
Kathmandu,827,2,1,1,10750000
Nepalgunj,334,1,1,0,3930000
Biratnagar,1414,3,2,2,17800000
Bhaktapur,1347,3,1,0,10750000
Pokhara,1724,3,2,2,18800000
Kathmandu,864,3,1,2,11125000
Dharan,1159,3,1,1,15800000
Pokhara,1601,3,2,2,27200000
Birtamod,1838,2,2,3,31500000
Banepa,2285,4,2,3,24800000
Janakpur,1680,3,2,2,21325000
Kathmandu,767,1,1,1,13300000
Biratnagar,1496,3,2,2,17966500
Janakpur,2183,4,2,3,22900000
Nepalgunj,1635,3,1,2,21000000
Birgunj,768,2,1,2,12950000
Lalitpur,825,2,1,2,12500000
Butwal,2094,4,2,2,26300000
Tikapur,1069,2,2,2,14000000
Lalitpur,928,3,1,1,11250000
Chitwan,1717,3,2,3,25550000
Bhaktapur,1126,2,2,2,10800000
Chitwan,2046,3,2,3,28400000
Nepalgunj,1048,2,1,1,11300000
Kathmandu,1092,2,1,1,14100000
Damak,1336,3,1,1,10800000
Biratnagar,1446,3,2,2,17500000
Ghorahi,1557,2,2,2,23400000
Dharan,1392,3,1,2,12150000
Birgunj,1389,2,1,2,17000000
Bhaktapur,996,3,1,0,10800000
Bhaktapur,1674,4,2,2,18500000
Banepa,2295,4,2,2,26800000
Bhairahawa,1647,4,1,1,12800000
Kirtipur,2504,4,2,3,32500000
Chitwan,1535,3,2,2,21400000
Hetauda,2132,1,1,2,31660000
Kathmandu,943,2,1,2,13596000
Kathmandu,1728,6,2,2,14260000
Kathmandu,864,2,1,1,12000000
Birtamod,1692,3,2,2,22450000
Biratnagar,1430,3,2,2,17000000
Kathmandu,1109,3,1,1,13900000
Kathmandu,1216,2,1,1,11850000
Bhairahawa,1477,3,2,1,14500000
Dharan,1320,3,1,2,16450000
Butwal,1392,2,2,2,14600000
Lalitpur,1795,4,2,1,13150000
Kathmandu,1429,3,1,2,18190000
Chitwan,2042,3,2,3,25329300
Bhaktapur,816,3,1,0,11850000
Lalitpur,2775,3,3,2,32500000
Nepalgunj,1573,3,1,1,13300000
Birtamod,2028,2,2,3,36990000
Nepalgunj,838,2,1,1,13000000
Dharan,860,2,1,2,13700000
Tulsipur,1473,1,1,1,14300000
Nepalgunj,935,2,1,1,7950000
Pokhara,1582,3,2,2,18590000
Chitwan,2296,3,2,3,45195000
Birgunj,816,2,1,2,13800000
Pokhara,848,1,1,2,14000000
Pokhara,924,3,1,1,11000000
Kirtipur,1826,3,2,3,31900000
Lalitpur,1368,3,1,1,11450400
Ghorahi,1402,2,0,3,19420100
Itahari,1647,3,2,2,21750000
Ilam,1556,3,2,2,15100000
Chitwan,1904,3,2,2,27500000
Damak,1375,3,1,1,14100000
Hetauda,1915,3,2,2,22000000
Butwal,1200,2,2,2,15100000
Pokhara,1494,3,2,2,22100000
Kathmandu,1986,3,2,2,20500000
Pokhara,1040,3,1,2,15200000
Bhaktapur,2008,3,3,1,22500000
Itahari,3194,4,2,2,35910000
Dharan,1029,3,1,1,11850000
Pokhara,2153,3,2,3,31300000
Janakpur,1032,3,2,2,14800000
Pokhara,1872,3,2,2,26150000
Birgunj,1120,3,1,0,14700000
Dhangadhi,630,1,1,0,7550000
Kathmandu,1054,3,1,2,13750000
Biratnagar,1509,3,2,2,18320000
Kathmandu,832,2,1,2,10550000
Chitwan,1828,3,2,3,31481300
Birtamod,2262,4,2,3,30500000
Bhaktapur,864,2,1,0,6700000
Janakpur,2614,4,2,2,24000000
Dharan,980,3,1,2,13500000
Butwal,1512,2,2,2,16850000
Janakpur,1790,4,1,2,16515000
Kathmandu,1116,3,1,2,16000000
Kathmandu,1422,3,1,1,13990000
Kathmandu,1520,3,1,1,15300000
Kathmandu,2080,5,1,2,13500000
Kathmandu,1350,3,1,2,16850000
Lalitpur,1750,3,1,1,12400000
Chitwan,1554,2,2,2,20950000
Janakpur,1411,3,2,2,8250000
Kathmandu,1056,3,1,1,13940000
Lalitpur,1056,0,0,2,14400000
Bhairahawa,3395,8,2,0,20000000
Nepalgunj,800,1,1,0,6000000
Lalitpur,1387,3,2,1,9300000
Bhaktapur,796,2,1,0,8500000
Ghorahi,1567,1,2,3,26456100
Chitwan,1518,1,1,2,27400000
Butwal,1929,3,2,2,22600000
Kathmandu,2704,4,2,2,34500000
Janakpur,1620,4,2,2,15200000
Butwal,1766,2,2,3,37087800
Kathmandu,981,3,1,2,14325000
Kathmandu,1048,3,1,2,9830000
Bhaktapur,1094,3,1,2,15500000
Kathmandu,1839,4,1,2,15500000
Dhangadhi,630,1,1,0,8450000
Butwal,1665,3,2,2,20595000
Bhaktapur,1510,4,1,1,10800000
Pokhara,1716,2,2,2,19100000
Damak,1469,3,1,1,13500000
Banepa,2113,2,2,3,35000000
Kalaiya,1092,3,1,1,8800000
Kathmandu,1053,3,1,1,14550000
Itahari,1502,3,1,1,14900000
Kathmandu,1458,3,1,1,9750000
Bhaktapur,1486,3,1,2,16700000
Janakpur,1935,3,2,2,19790000
Banepa,2448,4,2,3,40200000
Kathmandu,1392,2,1,2,11000000
Bhaktapur,1181,3,2,2,13750000
Butwal,2097,1,1,3,42300000
Biratnagar,1936,3,2,2,23050000
Kathmandu,2380,3,2,2,12900000
Hetauda,1679,3,2,2,19350000
Dharan,1437,3,1,2,16800000
Itahari,1180,2,1,1,13750000
Pokhara,1476,3,2,2,17350000
Bhaktapur,1369,3,2,1,10360000
Lahan,1208,3,1,2,16500000
Itahari,1839,3,2,2,25750000
Kathmandu,1136,3,1,1,14000000
Tikapur,1441,3,2,2,14850000
Lalitpur,1774,4,2,3,8700000
Lalitpur,792,2,1,1,10950000
Kirtipur,2046,3,2,3,37250000
Dharan,988,3,1,2,12850000
Hetauda,923,2,2,1,14300000
Bhairahawa,1520,3,1,1,15943400
Tulsipur,1291,2,1,2,17300000
Pokhara,1668,3,2,3,28500000
Banepa,1839,4,2,2,22100000
Kirtipur,2090,3,2,2,20750000
Butwal,1761,3,3,2,22787500
Butwal,1102,2,2,2,14880000
Kirtipur,1419,2,2,2,39200000
Chitwan,1362,2,2,2,19470000
Pokhara,848,1,1,2,14100000
Banepa,4316,4,3,3,75500000
Birtamod,2519,4,2,2,33500000
Lalitpur,1073,2,1,1,10848000
Nepalgunj,1539,3,1,2,14150000
Birtamod,1137,2,2,2,17600000
Nepalgunj,616,2,1,1,8900000
Bhaktapur,1148,2,1,1,12350000
Dharan,894,3,1,1,13850000
Butwal,1391,2,2,2,19600000
Birtamod,1800,3,2,3,31250000
Janakpur,1164,3,1,2,14000000
Kirtipur,2576,4,2,3,36191900
Lalitpur,1812,4,2,2,14000000
Pokhara,1484,3,2,2,21300000
Damak,1092,3,2,0,5500000
Tulsipur,1824,2,2,2,30200000
Chitwan,1324,2,2,2,25400000
Biratnagar,1456,3,2,2,17954000
Dharan,904,3,1,1,10990000
Nepalgunj,729,2,1,0,5200000
Damak,1178,2,1,1,10277600
Kirtipur,1228,2,2,2,18900000
Nepalgunj,960,3,1,2,12900000
Dharan,1479,3,2,2,13050000
Janakpur,1350,3,2,2,16500000
Lalitpur,2554,3,1,2,15950000
Janakpur,1178,3,1,2,15700000
Banepa,2418,3,2,3,34100000
Pokhara,971,3,1,1,12850000
Kirtipur,1742,2,2,2,27500000
Pokhara,848,1,1,2,14300000
Kathmandu,864,3,1,2,12450000
Bhaktapur,1470,4,2,1,13500000
Bhaktapur,1698,3,2,3,32000000
Kathmandu,864,3,1,2,12050000
Itahari,1680,3,2,2,22200000
Pokhara,1232,2,2,2,19450000
Kathmandu,1776,4,2,3,11000000
Damak,1208,2,1,2,10300000
Kirtipur,1616,2,2,2,23650000
Birtamod,1146,3,2,2,18750000
Pokhara,2031,3,2,2,22250000
Dharan,1144,3,1,1,13140000
Dharan,948,3,1,1,10800000
Lalitpur,1768,2,1,2,16300000
Kathmandu,1040,2,2,2,9350000
Biratnagar,1801,3,2,3,23990000
Bhaktapur,1200,3,3,0,17900000
Pokhara,1728,3,2,2,19000000
Lalitpur,1432,2,2,2,13200000
Dharan,912,3,1,1,14200000
Hetauda,1349,3,2,2,17900000
Dharan,1464,3,2,2,17500000
Kirtipur,1337,2,2,2,18000000
Janakpur,2715,4,3,2,29980000
Biratnagar,2256,4,2,2,23600000
Lalitpur,2640,4,1,4,26597900
Banepa,1720,3,2,2,26040000
Bhaktapur,1529,4,2,1,9800000
Lalitpur,1140,3,1,0,9650000
Biratnagar,1320,3,2,2,16200000
Pokhara,1494,3,2,2,21700000
Chitwan,2098,3,2,3,27550000
Kathmandu,1026,3,1,2,15600000
Butwal,1471,3,2,2,17250000
Pokhara,1768,3,2,2,21200000
Dharan,1386,3,2,2,15890000
Butwal,1501,3,2,2,17940000
Banepa,2531,4,2,3,29000000
Kathmandu,864,2,1,1,12750000
Nepalgunj,1301,2,1,2,10000000
Butwal,1547,3,2,2,21520000
Banepa,2365,3,2,3,33700000
Lahan,1494,2,1,2,27000000
Butwal,1506,2,2,2,26413200
Janakpur,1714,3,2,2,19650000
Birgunj,1750,4,2,1,16000000
Pokhara,1836,3,2,2,21683700
Kirtipur,3279,4,3,3,53800000
Dharan,858,2,1,2,13490000
Bhaktapur,1220,2,1,2,10200000
Bhaktapur,1117,3,1,2,10700000
Kathmandu,912,2,1,1,11450000
Chitwan,1973,3,2,3,39500000
Birgunj,1204,2,2,2,16200000
Pokhara,1614,3,2,3,22150000
Dharan,894,3,1,2,14250000
Hetauda,2020,4,2,2,14400000
Birgunj,1004,2,1,2,13500000
Biratnagar,1253,3,2,2,17600000
Hetauda,1603,3,2,2,17590000
Pokhara,1430,3,2,2,18710000
Birgunj,1110,1,1,2,16550000
Lalitpur,1484,3,2,0,12800000
Janakpur,1342,3,2,2,16150000
Lalitpur,1652,4,2,1,13900000
Hetauda,2084,4,2,2,23300000
Lalitpur,901,2,1,1,10790000
Tulsipur,2087,5,2,2,18750000
Ghorahi,1145,2,2,2,16020000
Birgunj,1062,3,1,2,14680000
Banepa,2013,3,2,2,26979000
Butwal,1496,3,2,2,22500000
Biratnagar,1895,3,2,2,19450000
Hetauda,1564,3,2,2,17100000
Dharan,1285,3,1,2,14350000
Kathmandu,773,2,1,1,11000000
Chitwan,3140,4,3,3,48500000
Bhairahawa,1768,3,1,1,17500000
Tulsipur,1688,4,2,2,20000000
Damak,1196,2,1,2,10990000
Pokhara,1456,3,2,2,18900000
Chitwan,2822,4,3,3,58293300
Kathmandu,1128,2,1,1,11800000
Butwal,1428,3,2,2,22768000
Kathmandu,980,3,2,1,13550000
Nepalgunj,1576,3,1,2,22350000
Kathmandu,1086,3,1,2,15995000
Lalitpur,2138,2,2,2,10600000
Janakpur,1309,3,1,2,18100000
Pokhara,848,1,1,2,14450000
Damak,1044,2,1,2,5599300
Kathmandu,1442,4,1,1,15790000
Bhaktapur,1250,3,1,1,11600000
Pokhara,1661,3,2,2,22490000
Kathmandu,1008,2,1,1,13700000
Birgunj,1689,3,2,3,27100000
Tulsipur,1052,3,1,2,15500000
Chitwan,1358,2,2,2,22400000
Pokhara,1640,3,2,2,18300000
Lalitpur,936,2,1,2,9300000
Biratnagar,1733,3,2,2,22500000
Bhairahawa,1489,3,2,1,13950000
Butwal,1489,3,2,2,23260000
Chitwan,2084,2,2,3,38500000
Nepalgunj,784,2,1,0,10950000
Hetauda,1434,3,2,2,18900000
Tulsipur,2126,3,2,2,18500000
Butwal,1223,2,2,2,14740000
Kathmandu,1392,3,1,2,16600000
Butwal,1200,2,2,2,15100000
Pokhara,1829,3,2,2,23700000
Kathmandu,1516,3,1,2,16700000
Kathmandu,1144,3,1,2,13995000
Dharan,1067,2,2,2,12800000
Lalitpur,1559,2,1,2,15350000
Kalaiya,987,2,1,1,10000000
Pokhara,1099,3,1,1,14400000
Bhaktapur,1200,3,1,1,13050000
Bhairahawa,1482,4,2,1,14000000
Lalitpur,1539,3,2,2,15750000
Kathmandu,1165,3,1,2,17490000
Kathmandu,1800,6,2,0,14100000
Lalitpur,1416,4,1,3,15390000
Dharan,1701,3,2,2,17100000
Hetauda,1775,3,2,2,21300000
Pokhara,864,3,1,1,13350000
Tulsipur,2358,5,3,2,24000000
Lahan,1855,3,2,2,18700000
Pokhara,848,1,1,2,13150000
Ghorahi,1456,2,2,2,21500000
Itahari,1646,4,2,1,16400000
Kathmandu,1445,3,1,2,15800000
Dharan,1779,3,1,2,17000000
Dharan,1040,3,1,1,12700000
Pokhara,1026,3,1,2,14700000
Biratnagar,1481,3,2,2,17400000
Janakpur,1370,3,2,2,15200000
Janakpur,2654,4,2,2,25000000
Itahari,1426,3,1,1,18995000
Dharan,1039,3,1,2,13150000
Hetauda,1097,3,2,2,15200000
Kathmandu,1148,3,1,1,13250000
Butwal,1372,3,2,2,25058000
Kathmandu,1002,3,1,2,14850000
Birtamod,1646,3,2,3,24890000
Dharan,1120,3,1,2,12900000
Biratnagar,2320,2,2,2,16900000
Hetauda,1949,3,2,2,23600000
Kathmandu,894,2,1,1,10950000
Pokhara,1682,3,2,2,20050000
Kathmandu,910,3,1,2,11600000
Kathmandu,1268,3,1,1,13300000
Lalitpur,1131,3,1,1,6650000
Butwal,2610,4,2,2,30347700
Birgunj,1040,3,1,2,13225000
Chitwan,2224,4,2,3,35000000
Dharan,1155,3,1,2,14800000
Pokhara,864,3,1,1,13650000
Bhaktapur,1090,2,1,2,15700000
Birtamod,1717,3,2,2,18750000
Biratnagar,1593,3,2,2,17800000
Bhairahawa,2230,5,1,1,11850000
Kathmandu,892,3,1,1,10000000
Butwal,1709,2,2,2,32890000
Kathmandu,1712,4,2,2,14500000
Bhaktapur,1393,3,1,1,13550000
Kathmandu,2217,4,2,2,26800000
Kathmandu,1505,2,1,2,14950000
Kathmandu,924,3,1,2,12290000
Dharan,1683,3,2,2,17250000
Dharan,1068,3,1,1,15450000
Dharan,1383,3,1,1,16500000
Hetauda,1535,4,2,2,11885800
Kathmandu,1796,4,1,2,14000000
Damak,951,2,1,1,10650000
Hetauda,2240,6,2,2,14295300
Chitwan,2364,2,2,3,61165700
Dharan,1236,3,1,1,13500000
Kathmandu,858,2,1,1,11000000
Kathmandu,1306,2,1,1,15300000
Biratnagar,1509,3,2,2,18000000
Biratnagar,1670,3,2,3,24000000
Dharan,902,3,1,1,12550000
Kathmandu,1063,3,1,1,12800000
Butwal,1636,3,2,3,25500000
Itahari,2057,3,1,1,25000000
Birgunj,902,2,1,2,13100000
Biratnagar,1484,3,2,2,17400000
Kathmandu,2274,5,2,2,15430000
Pokhara,1268,3,1,1,14350000
Nepalgunj,1015,3,1,1,8800000
Itahari,2002,4,2,3,14500000
Butwal,1224,2,2,2,17373300
Dhangadhi,1092,3,1,1,7500000
Damak,480,1,0,1,3531100
Bhaktapur,1229,3,1,1,13500000
Hetauda,2127,4,2,3,23800000
Kathmandu,1414,3,1,2,17650000
Hetauda,1721,3,2,2,20100000
Bhaktapur,2200,4,2,0,14590000
Biratnagar,1316,3,2,2,16999000
Hetauda,1617,2,2,2,19300000
Janakpur,1686,3,2,2,20750000
Janakpur,1126,3,2,2,17500000
Chitwan,2374,4,2,3,28500000
Janakpur,1978,4,2,2,17600000
Pokhara,1788,3,2,2,23650000
Biratnagar,2236,4,2,2,22200000
Birtamod,1466,3,2,3,20100000
Kathmandu,925,2,1,1,11750000
Butwal,1905,3,2,3,32000000
Pokhara,1500,3,2,2,19000000
Kathmandu,2069,4,2,2,24200000
Nepalgunj,747,1,1,2,7990000
Hetauda,1200,2,2,2,18490000
Butwal,1971,3,2,2,25300000
Pokhara,1962,3,2,3,23979900
Tulsipur,2403,4,2,1,24440000
Birgunj,1728,4,2,2,15090000
Biratnagar,2060,3,2,2,21400000
Bhaktapur,1440,4,2,0,15000000
Birgunj,1632,4,2,2,14300000
Birtamod,1344,3,1,2,13750000
Lalitpur,1869,2,1,2,12490000
Kathmandu,1144,3,1,1,14300000
Birtamod,1629,3,2,3,27000000
Pokhara,1776,3,2,2,19250000
Janakpur,1381,3,1,2,19750000
Kathmandu,864,3,1,2,12900000
Hetauda,965,3,1,1,11990000
Pokhara,768,2,1,1,13390000
Birgunj,1968,4,2,2,17200000
Bhaktapur,980,4,2,0,12750000
Itahari,1958,4,2,2,14500000
Ilam,1229,2,1,2,12400000
Dharan,1057,3,1,2,13200000
Pokhara,1337,3,2,2,18500000
Butwal,1416,3,2,2,15500000
Nepalgunj,858,2,1,0,11650000
Janakpur,2872,4,2,2,27200000
Tikapur,1548,3,2,2,15500000
Pokhara,1800,2,2,2,23900000
Birtamod,1894,4,2,2,21490000
Biratnagar,1484,3,2,2,17890000
Itahari,1308,2,1,1,16000000
Kathmandu,1098,3,1,1,13500000
Lalitpur,968,2,1,0,3790000
Kathmandu,1095,2,1,1,14000000
Kathmandu,1192,4,1,0,13500000
Chitwan,1626,2,2,2,17300000
Hetauda,918,2,2,1,9950000
Butwal,1428,3,2,2,18200000
Nepalgunj,2019,3,1,2,16750000
Butwal,1382,3,2,2,16500000
Nepalgunj,869,2,1,0,8550000
Butwal,1241,1,1,2,19990000
Bhaktapur,894,3,1,2,11000000
Dharan,1121,3,1,2,13900000
Kathmandu,999,3,1,2,17840000
Banepa,2612,4,2,3,33600000
Ghorahi,1266,2,2,2,15989500
Pokhara,2290,4,2,2,25590000
Birgunj,1734,4,2,2,12600000
Bhaktapur,1164,3,1,1,12500000
Lalitpur,1635,2,1,1,11700000
Chitwan,1940,3,2,3,39519200
Janakpur,2030,4,2,2,19500000
Butwal,1576,3,2,2,19700000
Banepa,2392,3,2,3,34800000
Lalitpur,1742,4,1,2,16800000
Kathmandu,1851,3,2,2,18700000
Pokhara,1500,3,2,2,17390000
Chitwan,1718,3,2,3,33750000
Nepalgunj,1230,3,1,1,12160000
Kathmandu,1050,3,1,1,13650000
Janakpur,1442,2,2,2,18500000
Damak,1077,3,1,1,9100000
Pokhara,1208,2,2,2,20600000
Bhaktapur,944,2,1,2,8200000
Lalitpur,691,2,1,1,8600000
Butwal,1574,3,2,3,23200000
Janakpur,1680,4,2,2,13690500
Ghorahi,1504,1,2,2,18100000
Pokhara,985,3,2,1,14990000
Kathmandu,1657,3,2,2,16350000
Dhangadhi,1092,3,1,1,8800000
Birgunj,1710,3,2,2,24000000
Bhairahawa,1522,4,2,0,10200000
Dharan,1271,4,2,1,13500000
Bhaktapur,1664,4,2,0,10000000
Itahari,1502,3,1,1,16500000
Lalitpur,1022,2,1,1,8500000
Kathmandu,1082,2,1,1,11920000
Janakpur,1665,3,2,2,22700000
Pokhara,1504,3,2,2,20300000
Kirtipur,1360,1,1,2,18750000
Biratnagar,1472,3,2,2,16000000
Ghorahi,1506,2,2,2,21349000
Bhaktapur,1132,2,1,2,17600000
Pokhara,1220,2,2,2,19400000
Lalitpur,1248,2,1,1,8700000
Ghorahi,1504,2,2,2,19100000
Birtamod,2898,2,2,2,28700000
Pokhara,882,3,1,2,11250000
Kathmandu,1264,3,1,2,16750000
Birtamod,1646,3,2,3,29307700
Kathmandu,1376,3,1,1,10500000
Kalaiya,1218,3,1,1,11800000
Bhairahawa,1928,5,2,0,16000000
Bhairahawa,3082,5,2,2,19700000
Banepa,2520,5,2,3,31000000
Pokhara,1654,3,2,3,23000000
Itahari,954,2,1,1,11975000
Bhaktapur,845,3,1,1,8400000
Birtamod,1620,2,2,3,31550000
Pokhara,2263,3,2,2,28700000
Dhangadhi,1344,3,1,0,9700000
Dhangadhi,630,1,1,1,8000000
Dharan,1803,3,2,2,15500000
Janakpur,1632,4,1,2,17300000
Chitwan,1306,1,2,2,19600000
Hetauda,2329,4,2,2,26228000
Janakpur,2524,4,2,2,27800000
Bhaktapur,1733,4,2,2,13960000
Kirtipur,2868,4,3,3,55658100
Pokhara,990,3,1,2,14500000
Birgunj,1771,3,1,2,11500000
Bhaktapur,930,2,1,1,8490000
Biratnagar,1302,3,2,2,17648500
Pokhara,1316,3,2,2,20014100
Kathmandu,1977,4,1,2,16500000
Bhaktapur,1526,4,1,1,14450000
Pokhara,1989,3,2,2,25500000
Janakpur,1523,3,2,2,18000000
Chitwan,1364,2,2,2,18585000
Banepa,1850,3,2,2,24800000
Chitwan,2184,3,2,3,33500000
Itahari,1991,3,1,2,22000000
Kirtipur,1338,2,2,2,21350000
Damak,894,2,1,3,8100000
Lalitpur,2337,5,2,2,9000000
Lalitpur,1103,2,1,2,11050000
Kathmandu,1154,3,1,2,15400000
Tulsipur,2260,3,2,2,32800000
Biratnagar,1571,3,2,2,17800000
Kathmandu,1611,4,1,2,16790000
Dhangadhi,2521,5,2,2,15140000
Kathmandu,893,2,1,2,13500000
Kathmandu,1048,3,1,1,13500000
Janakpur,1556,4,1,2,15400000
Bhaktapur,1456,4,1,1,9150000
Bhaktapur,1426,3,1,2,15950000
Pokhara,1240,2,2,3,19400000
Itahari,1740,3,1,1,21950000
Lalitpur,1466,3,2,2,17000000
Kathmandu,1096,3,1,1,13880000
Pokhara,848,1,1,2,15590000
Pokhara,990,3,1,1,12600000
Janakpur,1258,3,2,2,14500000
Dharan,1040,3,1,1,13300000
Pokhara,1459,3,2,2,19200000
Kathmandu,1251,3,1,1,16000000
Biratnagar,1498,3,2,2,18750000
Hetauda,996,2,1,2,14700000
Dhangadhi,1092,3,1,1,8350000
Butwal,1953,3,2,3,25200000
Bhaktapur,1709,3,2,2,13750000
Butwal,1247,1,1,2,19700000
Kathmandu,1040,2,2,2,9290000
Butwal,1252,2,2,2,16000000
Bhairahawa,1694,4,2,2,13650000
Kathmandu,1200,1,1,2,14600000
Kathmandu,936,2,1,1,12900000
Pokhara,1314,3,2,2,17643200
Damak,1355,3,1,0,12700000
Kirtipur,1088,2,1,2,17000000
Nepalgunj,1324,3,1,1,12800000
Janakpur,1601,3,2,2,15700000
Bhairahawa,438,1,1,1,6000000
Kathmandu,950,3,1,1,11950000
Kathmandu,1134,2,1,1,13500000
Kathmandu,1194,3,1,2,15950000
Kalaiya,1302,3,2,2,10600000
Banepa,2622,3,2,2,32500000
Hetauda,1442,3,2,2,17990000
Biratnagar,2021,3,2,2,27472500
Biratnagar,1690,3,2,2,18100000
Chitwan,1836,3,2,3,28000000
Biratnagar,1658,3,2,2,18800000
Janakpur,1964,4,2,2,20500000
Kathmandu,816,2,1,1,12990000
Kathmandu,1008,2,1,1,13450000
Lalitpur,833,2,1,1,11700000
Chitwan,1734,3,2,3,31800000
Biratnagar,1419,3,2,2,18410000
Dharan,894,3,1,2,13000000
Dharan,1601,3,1,1,14000000
Kathmandu,1040,3,1,1,13370000
Damak,1012,2,1,1,11840000
Pokhara,1552,3,2,3,21290000
Bhaktapur,960,3,1,1,11200000
Bhaktapur,698,2,1,0,11800000
Biratnagar,1482,3,2,2,16390000
Kathmandu,1005,2,1,2,11500000
Ghorahi,1555,2,2,3,17400000
Biratnagar,1530,3,2,3,25900000
Biratnagar,1959,4,2,2,21500000
Lalitpur,936,2,1,2,14000000
Bhairahawa,1981,4,2,2,13500000
Birgunj,974,3,1,0,9350000
Lalitpur,2210,5,2,1,11750000
Hetauda,2020,3,2,2,23950000
Biratnagar,1600,3,2,2,16900000
Nepalgunj,986,2,1,1,10200000
Kathmandu,1252,3,1,1,11900000
Dharan,1020,2,1,0,9400000
Birgunj,1567,2,2,2,19600000
Nepalgunj,1167,3,1,2,14400000
Kathmandu,952,2,1,2,13900000
Janakpur,1868,4,2,2,19750000
Pokhara,2828,4,3,3,42487000
Dharan,1006,3,1,0,8000000
Bhaktapur,924,2,1,1,8000000
Nepalgunj,1576,3,1,1,14900000
Hetauda,1298,3,2,2,18000000
Itahari,1564,3,1,1,17450000
Lalitpur,1111,2,1,1,11690000
Lalitpur,1482,3,1,2,14300000
Kathmandu,932,2,1,1,12400000
Bhaktapur,1466,3,1,2,14990000
Itahari,1811,2,1,2,23000000
Damak,816,2,1,1,12050000
Kathmandu,1820,4,1,2,20180000
Lahan,1437,3,2,2,21800000
Kathmandu,1265,3,2,2,17990000
Chitwan,1314,2,2,2,23000000
Butwal,1580,3,2,3,23512800
Janakpur,1876,4,2,2,18500000
Tikapur,1456,3,2,2,14600000
Itahari,1640,3,1,2,22400000
Dharan,894,3,1,2,12900000
Dharan,1258,0,0,2,10895900
Lahan,1432,2,1,2,19400000
Chitwan,1502,3,2,2,23317000
Pokhara,1694,3,2,3,24535000
Biratnagar,1671,3,2,2,17300000
Bhaktapur,2108,4,2,2,23500000
Banepa,3627,4,3,3,62500000
Birgunj,1118,3,1,1,17100000
Kathmandu,1261,3,1,2,16300000
Butwal,1250,2,2,2,17190000
Tulsipur,3086,3,3,0,20050000
Itahari,2345,4,2,2,23900000
Banepa,2872,4,2,2,28500000
Birgunj,923,3,1,1,11950000
Lalitpur,1224,3,1,1,11500000
Itahari,1343,3,1,1,15490000
Bhaktapur,1124,3,1,0,9300000
Birtamod,2514,4,2,2,25000000
Itahari,1652,2,2,2,39250000
Banepa,4476,4,3,3,74500000
Lalitpur,1130,2,1,2,12000000
Birtamod,1572,3,1,3,18670000
Bhaktapur,1221,4,1,1,10490000
Lalitpur,1699,3,2,2,9500000
Banepa,1624,2,2,3,26200000
Pokhara,1660,3,2,2,19500000
Biratnagar,1804,3,2,2,18900000
Birgunj,1622,3,1,4,16800000
Butwal,1441,2,2,2,17400000
Lalitpur,1472,3,1,1,12500000
Birgunj,1224,2,2,2,16500000
Dharan,1352,4,1,1,15800000
Biratnagar,1456,3,2,2,17600000
Biratnagar,1863,4,2,3,21921000
Lalitpur,1690,3,1,1,14400000
Pokhara,1212,3,2,2,17800000
Dharan,1382,3,1,2,14800000
Kathmandu,864,3,1,1,11605000
Pokhara,1779,3,2,2,19790000
Nepalgunj,1348,3,1,1,11700000
Pokhara,1630,3,2,2,21300000
Janakpur,1074,3,1,2,15350000
Hetauda,2196,3,2,3,27190000
Hetauda,1056,2,1,1,10700000
Pokhara,1700,3,2,2,20000000
Kathmandu,1283,3,1,2,14000000
Butwal,1660,3,2,2,29000000
Hetauda,1845,3,2,2,18900000
Biratnagar,1752,4,2,2,16400000
Bhaktapur,672,2,1,1,11300000
Dharan,960,0,0,1,14500000
Kathmandu,999,3,1,1,13450000
Dharan,894,3,1,1,12500000
Dharan,1902,4,2,2,11200000
Butwal,1314,3,2,2,22945600
Nepalgunj,912,2,1,0,8050000
Kalaiya,1218,3,1,0,9150000
Kathmandu,912,2,1,1,11500000
Dharan,1211,3,1,1,13400000
Kathmandu,1846,3,2,1,14300000
Kathmandu,2136,4,2,2,13790000
Biratnagar,1490,3,2,2,18400000
Kathmandu,1138,3,1,1,14500000
Butwal,1933,4,2,3,21400000
Kathmandu,912,2,1,2,14700000
Chitwan,1702,1,1,3,36729400
Kathmandu,1507,4,2,1,12700000
Dharan,2620,4,2,2,19000000
Kathmandu,1190,3,1,2,13250000
Kathmandu,1224,2,2,2,10180000
Kathmandu,1188,3,1,2,14200000
Bhairahawa,1964,4,1,0,13000000
Itahari,1784,4,1,1,13888700
Chitwan,1626,2,2,2,17550000
Pokhara,1948,4,2,2,19500000
Hetauda,1141,3,1,2,14250000
Birtamod,1484,2,2,2,26590000
Pokhara,1768,3,2,2,22490000
Butwal,1689,3,2,3,24832800
Janakpur,1173,3,2,2,17000000
Chitwan,2076,2,2,3,46500000
Itahari,1517,3,1,2,23000000
Janakpur,1868,3,3,2,17800000
Butwal,1553,3,2,2,18650000
Birgunj,1034,3,1,3,16990000
Lalitpur,2058,3,1,2,12950000
Kathmandu,988,3,1,1,11900000
Kathmandu,2110,3,2,2,24400000
Chitwan,1405,2,2,2,17175000
Birgunj,874,3,1,1,13000000
Lahan,2167,3,2,2,29400000
Bhaktapur,1656,3,2,2,16540000
Nepalgunj,1367,3,1,1,12750000
Banepa,1987,2,2,2,30150000
Bhaktapur,864,2,1,0,9990000
Biratnagar,1166,2,2,2,19000000
Kathmandu,1054,3,1,2,15100000
Biratnagar,1675,3,2,2,18100000
Kathmandu,1050,2,1,1,12890000
Tulsipur,1788,5,1,1,16150000
Nepalgunj,1824,3,1,2,18050000
Kathmandu,1337,2,2,2,18100000
Butwal,1452,3,2,2,18390000
Lalitpur,1889,4,1,1,12200000
Birtamod,2018,3,2,3,37850000
Itahari,3447,4,3,3,38100000
Kathmandu,1524,3,1,1,14400000
Tulsipur,1524,0,0,2,26000000
Janakpur,1489,3,2,2,18575000
Dharan,935,3,1,1,13700000
Bhaktapur,1357,2,1,1,17700000
Itahari,1250,3,2,2,13900000
Kathmandu,1920,4,2,2,13700000
Janakpur,1395,3,1,2,16200000
Janakpur,1724,3,1,2,19790000
Pokhara,2031,3,2,2,23700000
Damak,1128,2,1,2,6840000
Pokhara,1573,3,2,2,22700000
Birtamod,1339,2,2,2,18000000
Pokhara,1040,3,2,2,15050000
Birgunj,1824,4,2,0,13900000
Bhairahawa,2447,4,2,1,16900000
Nepalgunj,1412,4,1,1,13250000
Janakpur,1328,3,1,2,14300000
Tulsipur,1582,4,2,2,19000000
Kirtipur,1659,2,2,2,27800000
Chitwan,1970,3,2,3,28100000
Kathmandu,1152,3,1,2,18050000
Kalaiya,1302,3,2,1,11950000
Lalitpur,2372,4,2,1,10750000
Janakpur,1664,4,2,2,16290000
Bhaktapur,864,2,1,2,11500000
Kathmandu,1052,3,1,1,13850000
Kathmandu,1128,3,2,2,15500000
Bhaktapur,1072,2,2,2,14000000
Bhaktapur,5642,3,2,2,16000000
Kathmandu,1246,3,1,1,15400000
Biratnagar,1983,3,2,2,22500000
Itahari,1494,3,1,1,17750000
Banepa,2526,4,2,3,29000000
Butwal,1616,3,2,3,23200000
Bhaktapur,1708,3,2,2,13000000
Chitwan,1652,2,2,2,32500000
Chitwan,1368,2,2,2,20250000
Pokhara,990,3,1,2,13800000
Lalitpur,1122,2,1,2,14700000
Hetauda,1294,3,2,2,17920000
Itahari,1902,3,2,2,33500000
Pokhara,1274,3,2,2,20300000
Banepa,2810,4,2,2,30200000
Banepa,2599,4,2,3,33316800
Bhaktapur,948,3,1,1,11900000
Kathmandu,2112,4,2,2,20690000
Pokhara,1630,3,2,3,29549300
Butwal,1352,2,2,2,20890000
Pokhara,1787,3,2,3,27500000
Bhaktapur,948,3,1,1,11100000
Kathmandu,1478,3,1,2,15650000
Nepalgunj,720,2,1,1,7250000
Banepa,1923,3,2,2,19000000
Nepalgunj,708,2,1,0,8250000
Butwal,1795,2,2,3,14700000
Damak,796,2,1,0,5500000
Bhaktapur,774,3,1,0,7900000
Birgunj,816,3,1,1,13050000
Lalitpur,2792,5,2,2,25600000
Biratnagar,1632,3,2,2,17650000
Butwal,1588,3,2,3,22700000
Pokhara,954,3,1,2,13250000
Bhaktapur,816,2,1,1,10000000
Damak,1360,2,1,1,12550000
Kalaiya,1365,3,1,2,12500000
Janakpur,1334,2,2,2,16790000
Janakpur,1656,4,2,2,13500000
Lalitpur,693,2,1,0,5250000
Pokhara,1861,3,2,2,20000000
Pokhara,864,3,1,1,12850000
Kathmandu,872,3,1,4,12300000
Hetauda,1114,3,1,2,15500000
Pokhara,2169,3,2,2,22850000
Itahari,1913,3,1,2,17700000
Pokhara,1456,3,2,2,15583500
Lalitpur,960,2,1,1,10850000
Janakpur,2156,3,2,2,26250000
Birtamod,1776,3,2,3,28346300
Hetauda,1494,3,2,2,21500000
Lalitpur,2358,4,2,0,12200000
Kathmandu,2634,6,2,4,20000000
Kathmandu,1716,4,1,2,17100000
Nepalgunj,1176,2,1,2,13490000
Banepa,3238,4,2,3,41000000
Pokhara,1865,3,2,3,23500000
Janakpur,1920,4,3,2,17000000
Kathmandu,892,3,1,1,11000000
Kathmandu,1078,3,1,2,14990000
Butwal,1573,3,2,2,17750000
Chitwan,1980,3,2,3,31500000
Bhairahawa,2601,4,3,2,18900000
Kirtipur,1530,3,2,2,26000000
Kathmandu,1738,4,2,1,10490000
Biratnagar,1412,3,2,2,15693200
Butwal,1200,2,2,2,14415200
Butwal,1674,3,2,2,21600000
Pokhara,1790,3,2,2,19300000
Dhangadhi,1475,4,2,1,12700000
Pokhara,848,1,1,2,14400000
Pokhara,1668,3,2,2,23200000
Lalitpur,1374,2,1,1,10500000
Kathmandu,1661,3,1,1,16550000
Pokhara,2097,3,2,2,27430000
Banepa,2633,2,2,3,46650000
Butwal,1958,3,2,3,25000000
Birtamod,1571,3,2,3,23900000
Bhairahawa,790,2,1,1,9100000
Bhaktapur,1604,3,2,2,11700000
Kalaiya,987,2,1,1,8300000
Birtamod,1394,3,2,2,16750000
Bhaktapur,864,2,1,1,5850000
Kathmandu,2117,4,2,2,23750000
Lalitpur,1762,4,1,2,15700000
Dharan,1416,3,2,2,11200000
Bhaktapur,1258,2,1,1,10500000
Damak,1154,3,1,1,12550000
Janakpur,2784,5,3,2,25000000
Lalitpur,2526,5,2,1,13600000
Biratnagar,1746,3,2,3,37750000
Nepalgunj,1218,3,1,2,13100000
Pokhara,1525,3,2,2,23500000
Kathmandu,1584,4,2,3,12400000
Kathmandu,900,3,1,1,12300000
Lalitpur,1912,3,2,2,16300000
Ghorahi,1500,2,2,3,24657800
Birtamod,2482,4,2,3,28121300
Birtamod,1687,3,1,2,16000000
Nepalgunj,1513,4,1,1,13750000
Kathmandu,1904,3,1,1,13800000
Bhairahawa,1608,3,2,1,13745000
Nepalgunj,1158,3,1,1,12000000
Biratnagar,1593,3,2,2,19300000
Pokhara,1294,2,2,2,19387900
Butwal,1464,3,2,3,28292200
Lalitpur,1214,3,1,3,10500000
Itahari,1646,2,2,2,27500000
Pokhara,768,2,1,2,13300000
Birgunj,833,3,1,0,11200000
Lalitpur,1363,3,1,2,12550000
Janakpur,2093,3,2,2,21500000
Pokhara,1840,3,2,2,23000000
Kathmandu,1668,3,1,1,14000000
Kathmandu,1040,2,2,2,9000000
Hetauda,1844,2,2,2,25700000
Nepalgunj,1848,4,1,2,20700000
Ghorahi,1569,1,2,3,17590000
Lalitpur,2290,4,2,2,12250000
Banepa,2450,3,2,3,34000000
Kathmandu,1144,3,1,1,12400000
Itahari,1844,3,2,2,22300000
Janakpur,1416,3,2,2,17990000
Tikapur,1069,2,2,2,12750000
Pokhara,848,1,1,2,13650000
Bhaktapur,2201,4,2,2,27497000
Kathmandu,1344,2,1,1,14400000
Kathmandu,1252,3,1,2,14200000
Banepa,2127,3,2,2,27100000
Kathmandu,1558,3,1,1,14000000
Lalitpur,804,2,1,1,11900000
Janakpur,1440,3,2,2,18290000
Biratnagar,1838,4,2,2,19214000
Tikapur,958,2,2,2,14375000
Lalitpur,968,4,2,1,6450000
Biratnagar,1792,3,2,2,18650000
Birgunj,1126,3,2,2,16000000
Kathmandu,1537,3,1,2,17400000
Kathmandu,864,3,1,2,12050000
Chitwan,1932,2,2,3,39461700
Lalitpur,1236,2,1,2,14970000
Janakpur,1725,3,2,2,19700000
Itahari,2555,3,2,2,19100000
Pokhara,848,1,1,2,14930000
Butwal,2007,3,2,3,31000000
Nepalgunj,952,2,1,1,12100000
Pokhara,1422,3,2,2,17960000
Dharan,913,3,1,1,12900000
Birgunj,1188,3,1,1,15790000
Pokhara,2090,3,2,2,24000000
Bhaktapur,1346,2,1,1,11200000
Dhangadhi,630,1,1,0,9200000
Kathmandu,1792,4,2,0,13600000
Butwal,1578,3,2,3,28709000
Bhaktapur,1072,2,1,2,14500000
Birgunj,1140,3,1,0,8450000
Butwal,1221,2,2,2,18500000
Biratnagar,1647,3,2,2,17500000
Janakpur,2073,3,2,2,21000000
Itahari,2340,4,2,1,26650000
Kathmandu,1078,2,1,1,14212500
Bhaktapur,1256,3,1,1,14750000
